{"cameraMode":{"drawMode":0,"name":"Shaded","section":"Shading Mode"},"sceneLighting":true,"audioPlay":false,"sceneViewState":{"showFog":true,"showMaterialUpdate":true,"showSkybox":true,"showFlares":true,"showImageEffects":true,"showParticleSystems":true},"in2DMode":false,"pivot":{"x":416.60736083984377,"y":219.57920837402345,"z":1.4891481399536133},"rotation":{"x":0.03240678086876869,"y":0.0012093419209122658,"z":-0.000038907634007046,"w":0.999474048614502},"size":504.80291748046877,"orthographic":false}